<?xml version="1.0" encoding="UTF-8"?><bookmarks><file xmlns="http://www.w3.org/1999/xhtml" absolutepath="/Users/eidmac/Documents/MATLAB/QuLab-MATLAB/QCSapp/errorMatrix.m"></file><file xmlns="http://www.w3.org/1999/xhtml" absolutepath="/Users/eidmac/Documents/MATLAB/QuLab-MATLAB/QCSapp/computeStageMatrix.m"></file><file xmlns="http://www.w3.org/1999/xhtml" absolutepath="/Users/eidmac/Documents/MATLAB/QuLab-MATLAB/QCSapp/noiseMatrix.m"></file><file xmlns="http://www.w3.org/1999/xhtml" absolutepath="/Users/eidmac/Downloads/QuLab/QCSapp.mlapp"></file><file xmlns="http://www.w3.org/1999/xhtml" absolutepath="/Users/eidmac/OneDrive - KFUPM/Documents/MATLAB/QuLab/QCSfunctionNoisy.m"></file><file xmlns="http://www.w3.org/1999/xhtml" absolutepath="/Users/eidmac/OneDrive - KFUPM/Documents/MATLAB/QuLab/Test_QuLab.m"></file><file xmlns="http://www.w3.org/1999/xhtml" absolutepath="/Users/eidmac/OneDrive - KFUPM/Documents/MATLAB/QuLab/PreparingQuAlgorithm.m"></file><file xmlns="http://www.w3.org/1999/xhtml" absolutepath="/Users/eidmac/OneDrive - KFUPM/Documents/MATLAB/QuLab/QCSapp.mlapp"></file><file xmlns="http://www.w3.org/1999/xhtml" absolutepath="/Users/eidmac/OneDrive - KFUPM/Documents/MATLAB/QuLab/computeNoisyRhoMatrix.m"></file><file xmlns="http://www.w3.org/1999/xhtml" absolutepath="/Users/eidmac/Documents/MATLAB/QuLab-MATLAB/QuLab/QCSapp.mlapp"></file><file xmlns="http://www.w3.org/1999/xhtml" absolutepath="/Users/eidmac/Documents/MATLAB/QuLab-MATLAB/QuLab-V4/QCSapp.mlapp"></file><file xmlns="http://www.w3.org/1999/xhtml" absolutepath="/Users/eidmac/Documents/MATLAB/QuLab-MATLAB/QuLab-V4/QCSfunctionNoisy.m"></file><file xmlns="http://www.w3.org/1999/xhtml" absolutepath="/Users/eidmac/Documents/MATLAB/QuLab-MATLAB/QuLab-V4/PsitrumMainFunction.m"></file><file xmlns="http://www.w3.org/1999/xhtml" absolutepath="/Users/eidmac/Documents/MATLAB/QuLab-MATLAB/QuLab-V4/Psitrum.mlapp"></file><file xmlns="http://www.w3.org/1999/xhtml" absolutepath="/Users/eidmac/Documents/MATLAB/QuLab-MATLAB/Psitrum-V1/Psitrum.mlapp"></file><file xmlns="http://www.w3.org/1999/xhtml" absolutepath="/Users/eidmac/Documents/MATLAB/QuLab-MATLAB/Psitrum-V1/PsitrumMainFunction.m"></file><file xmlns="http://www.w3.org/1999/xhtml" absolutepath="/Users/eidmac/Documents/MATLAB/QuLab-MATLAB/Psitrum ver.1.1/Psitrum.mlapp"></file><file xmlns="http://www.w3.org/1999/xhtml" absolutepath="/Users/eidmac/Documents/MATLAB/QuLab-MATLAB/Psitrum ver.1.1/computeNoisyRhoMatrix.m"></file><file xmlns="http://www.w3.org/1999/xhtml" absolutepath="/Users/eidmac/Documents/MATLAB/QuLab-MATLAB/Psitrum ver.1.1/computeSpectralDecomposition.m"></file><file xmlns="http://www.w3.org/1999/xhtml" absolutepath="/Users/eidmac/Documents/GitHub/Psitrum/Psitrum_Code/Psitrum.mlapp"></file></bookmarks>