<?xml version="1.0" encoding="utf-8"?>
<ApplicationInstallerManifest>
   <DefaultInstallationDirectory>/Applications/Psitrum/</DefaultInstallationDirectory>
   <ApplicationName>Psitrum</ApplicationName>
   <ExecutableName>application/Psitrum.exe</ExecutableName>
   <GUID>be931571-8ed0-4e0e-87ef-ee2fb7699d8b</GUID>
   <ApplicationIcon>default_icon_48.png</ApplicationIcon>
   <Logo>default_logo.png</Logo>
   <Version>1.0</Version>
   <InstallationNotes>In the following directions, replace MR/v911 by the directory on the target machine where MATLAB is installed, or MR by the directory where the MATLAB Runtime is installed.

If the environment variable DYLD_LIBRARY_PATH is undefined, set it to the following string:

MR/v911/runtime/maci64:MR/v911/sys/os/maci64:MR/v911/bin/maci64

If it is defined, set it to the following:

${DYLD_LIBRARY_PATH}:MR/v911/runtime/maci64:MR/v911/sys/os/maci64:MR/v911/bin/maci64
</InstallationNotes>
   <Summary>Psitrum is a fast, easy, and freindly simulator application that simulate the quantum computing functionality.</Summary>
   <WelcomePanelText>Psitrum 1.0
Psitrum is a fast, easy, and freindly simulator application that simulate the quantum computing functionality.

&lt;b&gt;This app is a qauntum computing simulator that allows the user to implement quantum algorithms and emulate their results in a variety of visualizations. 
QCSApp provides users with five services:&lt;/b&gt;
&lt;ol&gt;
&lt;li&gt;Quantum Circuit Designer&lt;/li&gt;
&lt;li&gt;Quantum State Visualization&lt;/li&gt;
&lt;li&gt;Qubit Bloch Sphere Tracer&lt;/li&gt;
&lt;li&gt;Density Matrix Tracer&lt;/li&gt;
&lt;li&gt;Algorithm/Circuit Visualizations&lt;/li&gt;
&lt;li&gt;Exporting &amp; Inporting Services&lt;/li&gt;
&lt;/ol&gt;

EidAldawsari&amp;MohammedAlGhadeer
Eidfaldawsari@gmail.com</WelcomePanelText>
   <MCRProducts>
      <MCRProduct>
         <ExternalProductIdentifier>35000</ExternalProductIdentifier>
      </MCRProduct>
      <MCRProduct>
         <ExternalProductIdentifier>35010</ExternalProductIdentifier>
      </MCRProduct>
   </MCRProducts>
</ApplicationInstallerManifest>